{
  "usesTypeScript": false,
  "usesCssModule": true,
  "cssPreprocessor": "scss",
  "testLibrary": "None",
  "component": {
    "default": {
      "customTemplates": {
        "component": "templates/default/TemplateName.jsx",
        "style": "templates/default/TemplateName.styles.jsx",
        "lazy": "templates/default/TemplateName.lazy.jsx",
        "index": "templates/default/index.js"
      },
      "path": "src/components",
      "withStyle": true,
      "withTest": false,
      "withStory": false,
      "withLazy": false,
      "withIndex": true
    },
    "page": {
      "customTemplates": {
        "component": "templates/page/TemplateName.jsx",
        "style": "templates/page/TemplateName.styles.jsx",
        "lazy": "templates/page/TemplateName.lazy.jsx",
        "index": "templates/page/index.js"
      },
      "path": "src/pages",
      "withLazy": true,
      "withStory": false,
      "withStyle": true,
      "withTest": false,
      "withIndex": true
    }
  }
}