{
  "name": "redux-structure",
  "version": "0.1.0",
  "private": true,
  "type": "module",
  "dependencies": {
    "@hookform/resolvers": "^2.9.7",
    "@reduxjs/toolkit": "^1.8.3",
    "axios": "^0.27.2",
    "bootstrap": "^5.2.3",
    "dayjs": "^1.11.4",
    "jwt-decode": "^3.1.2",
    "react": "^18.2.0",
    "react-bootstrap": "^2.7.2",
    "react-dom": "^18.2.0",
    "react-hook-form": "^7.34.0",
    "react-redux": "^8.0.2",
    "react-router-dom": "^6.3.0",
    "react-scripts": "5.0.1",
    "styled-components": "^5.3.5",
    "web-vitals": "^2.1.4",
    "yup": "^0.32.11"
  },
  "scripts": {
    "start": "react-scripts start",
    "dev": "react-scripts start",
    "build": "react-scripts build && react-compress",
    "component": "generate-react component",
    "page": "generate-react component  --type=page"
  },
  "eslintConfig": {
    "extends": [
      "react-app",
      "react-app/jest"
    ]
  },
  "browserslist": {
    "production": [
      ">0.2%",
      "not dead",
      "not op_mini all"
    ],
    "development": [
      "last 1 chrome version",
      "last 1 firefox version",
      "last 1 safari version"
    ]
  },
  "devDependencies": {
    "generate-react-cli": "^7.3.0",
    "react-compress": "^3.6.4"
  }
}
